<?xml version="1.0" ?>
<dialog>
    <self x="260" y="160" width="207" height="226">
        <properties>
            <property name="Name" value="" />
            <property name="Caption" value="Select Game" />
            <property name="Background image" value="" />
            <property name="Background" value="true" />
            <property name="Border" value="true" />
            <property name="Visible" value="true" />
            <property name="Center" value="false" />
            <property name="Ok Button" value="" />
            <property name="Cancel Button" value="" />
        </properties>
        <eventhandlers />
    </self>
    <children>
        <child type="6" x="18" y="20" width="171" height="163">
            <properties>
                <property name="Name" value="lstGames" />
                <property name="Caption" value="Listbox" />
                <property name="Background image" value="" />
                <property name="Background" value="true" />
                <property name="Border" value="true" />
                <property name="Visible" value="true" />
                <property name="Linebreak" value="false" />
            </properties>
            <eventhandlers />
        </child>
        <child type="2" x="70" y="194" width="56" height="21">
            <properties>
                <property name="Name" value="btnLoad" />
                <property name="Caption" value="Load" />
                <property name="Background image" value="" />
                <property name="Background" value="true" />
                <property name="Border" value="false" />
                <property name="Visible" value="true" />
                <property name="Default" value="false" />
                <property name="Icon" value="" />
            </properties>
            <eventhandlers>
                <eventhandler name="onClick">
                    <code>canvas:endModal(0)</code>
                </eventhandler>
            </eventhandlers>
        </child>
    </children>
</dialog>
